,demo_arrow_rt,demo_arrow_correct,demo_demo_accuracy,demo_RT_overall_mean,demo_RT_incorrect_mean,demo_RT_correct_mean,encoding_arrow_mean_rt,encoding_arrow_accuracy,testing_Test_overall_accuracy,testing_RT_overall_mean,testing_RT_incorrect_mean,testing_RT_correct_mean,testing_layer_1_rt,testing_layer_1_accuracy,testing_layer_2_rt,testing_layer_2_accuracy,testing_layer_3_rt,testing_layer_3_accuracy,testing_longest_response_strike
A1LCUPRZ0I8S3I,0.9871,1.0,1.0,2.1859333333333333,,2.1859333333333333,1.37952,1.0,0.6333333333333333,2.649913333333333,2.9843772727272726,2.4562763157894736,2.4478549999999997,0.75,2.726375,0.5,2.7755099999999997,0.65,4.0
A1OOCYEFLAJD98,0.5116,1.0,1.0,2.427583333333333,,2.427583333333333,0.6756200000000001,1.0,0.6833333333333333,2.3439525423728815,2.3649947368421054,4.215473170731708,2.1336649999999997,0.75,2.373321052631579,0.7,2.5263400000000003,0.6,4.0
A1U0FDPQ953KXX,1.1286,1.0,0.8333333333333334,5.252666666666666,3.3118,5.64084,1.3084,1.0,0.6833333333333333,2.785461016949153,2.953126315789474,3.233670731707317,2.93216,0.75,3.16509,0.6,2.2314315789473684,0.7,3.0
AK4WAT44YKU7J,0.6394,1.0,0.6666666666666666,2.2396833333333337,2.5745,2.072275,0.52266,1.0,0.7833333333333333,2.4283183333333325,2.267330769230769,2.472846808510638,2.452395,0.7,2.254125,0.85,2.578435,0.8,7.0
AMEBLCWTZKLS2,0.973,1.0,0.8333333333333334,1.663333333333333,1.395,1.717,1.0372,1.0,0.5833333333333334,2.287683333333333,2.4398,2.1790285714285718,2.1484,0.75,2.40965,0.55,2.305,0.45,3.0
ATA61WNUAP91U,1.3853,1.0,0.8333333333333334,2.3896833333333336,2.1828,2.43106,1.27288,1.0,0.65,2.5476733333333335,2.4307,2.6106589743589743,2.755065,0.8,2.3737850000000003,0.65,2.51417,0.5,5.0
