,demo_arrow_rt,demo_arrow_correct,demo_demo_accuracy,demo_RT_overall_mean,demo_RT_incorrect_mean,demo_RT_correct_mean,encoding_arrow_mean_rt,encoding_arrow_accuracy,testing_Test_overall_accuracy,testing_RT_overall_mean,testing_RT_incorrect_mean,testing_RT_correct_mean,testing_layer_1_rt,testing_layer_1_accuracy,testing_layer_2_rt,testing_layer_2_accuracy,testing_layer_3_rt,testing_layer_3_accuracy,testing_longest_response_strike
A136K4YZY2OFTV,0.5551,1.0,0.6666666666666666,1.67615,1.7192500000000002,1.6545999999999998,0.61202,1.0,0.6333333333333333,1.632541666666667,1.5766045454545454,1.6649263157894734,1.6903650000000003,0.7,1.372525,0.65,1.8347349999999998,0.55,3.0
A2MV1R6YYOIO30,1.1574,1.0,0.8333333333333334,2.5075833333333333,2.3027,2.54856,1.1078000000000001,0.8,0.7,2.385453333333334,2.2743555555555557,2.4330666666666665,2.3619849999999993,0.6,2.4700099999999994,0.85,2.324365,0.65,5.0
A2O70SKSNWL8LQ,1.302,1.0,0.8333333333333334,3.0935,2.991,3.114,1.1680000000000001,0.8,0.5833333333333334,2.6663166666666664,2.677520000000001,2.6583142857142854,2.7790999999999997,0.75,2.6362499999999995,0.5,2.5835999999999997,0.5,4.0
A3BM2QI9E6G3KS,0.9805,1.0,0.6666666666666666,1.6869166666666666,1.63755,1.7116,0.97482,1.0,0.75,2.150335,2.49556,2.03526,2.03193,0.75,2.4081250000000005,0.7,2.01095,0.8,4.0
A3EVLXA6P3XRBU,1.244,1.0,1.0,2.3603333333333336,,2.3603333333333336,0.9065999999999999,1.0,0.6833333333333333,2.1172333333333335,2.1454736842105264,2.1041463414634145,2.2096,0.7,2.0562,0.6,2.0858999999999996,0.75,4.0
A3TI4G63J6VCKV,1.0748,1.0,0.8333333333333334,2.705833333333333,4.0659,2.43382,1.0031,0.8,0.6166666666666667,1.7571288135593222,1.870391304347826,2.0050837837837836,1.6720684210526315,0.7,1.442415,0.55,2.15265,0.6,4.0
AQ5CSVCNBPSIJ,1.2149,1.0,0.6666666666666666,2.6297333333333333,2.71745,2.5858749999999997,1.2148600000000003,1.0,0.7,2.3794516666666667,2.2883000000000004,2.4185166666666666,2.422315,0.65,2.3453250000000003,0.75,2.3707149999999997,0.7,9.0
AR390VVG2FJKJ,1.186,1.0,0.5,3.2071666666666663,3.486,2.9283333333333332,1.1785999999999999,1.0,0.6333333333333333,2.105983333333333,2.151909090909091,2.0793947368421053,2.1417999999999995,0.75,2.1050500000000003,0.55,2.0711,0.6,5.0
AWRRM9NRX4TZX,0.8945,1.0,0.6666666666666666,2.3362333333333334,2.2159500000000003,2.396375,1.00054,1.0,0.8333333333333334,1.9467233333333336,1.86474,1.9631199999999998,2.242665,0.8,1.76203,0.8,1.835475,0.9,7.0
