,demo_arrow_rt,demo_arrow_correct,demo_demo_accuracy,demo_RT_overall_mean,demo_RT_incorrect_mean,demo_RT_correct_mean,encoding_arrow_mean_rt,encoding_arrow_accuracy,testing_Test_overall_accuracy,testing_RT_overall_mean,testing_RT_incorrect_mean,testing_RT_correct_mean,testing_layer_1_rt,testing_layer_1_accuracy,testing_layer_2_rt,testing_layer_2_accuracy,testing_layer_3_rt,testing_layer_3_accuracy,testing_longest_response_strike,worker_ID
A21UA6O7ZFAIQJ,0.513,1.0,1.0,1.6263333333333334,,1.6263333333333334,0.662,1.0,0.6666666666666666,4.083950000000001,3.9936,4.129125,3.53995,0.7,4.26385,0.7,4.44805,0.6,5.0,A21UA6O7ZFAIQJ
ABVBYS63BZWZ6,2.1794,1.0,0.8333333333333334,11.617266666666666,26.8142,8.57788,2.23862,1.0,0.6333333333333333,3.008138983050848,3.5309636363636367,3.4389131578947367,2.762815789473684,0.75,3.067345,0.55,3.18199,0.6,10.0,ABVBYS63BZWZ6
AN4P0SU1YSPF2,0.6202,1.0,0.8333333333333334,1.4529333333333332,1.9564,1.3522399999999999,0.5984200000000001,1.0,0.7333333333333333,2.143195,2.35398125,2.0665454545454547,1.997125,0.9,2.49969,0.7,1.93277,0.6,6.0,AN4P0SU1YSPF2
AOOLS8280CL0Z,0.6296,1.0,1.0,2.2241,,2.2241,0.56952,1.0,0.6166666666666667,2.7583766666666674,3.041317391304348,2.5824945945945945,2.6894400000000003,0.7,2.8135,0.7,2.7721899999999997,0.45,7.0,AOOLS8280CL0Z
