,demo_arrow_rt,demo_arrow_correct,demo_demo_accuracy,demo_RT_overall_mean,demo_rating_varience,demo_RT_incorrect_mean,demo_RT_correct_mean,encoding_arrow_mean_rt,encoding_arrow_accuracy,testing_Test_overall_accuracy,testing_RT_overall_mean,testing_rating_varience,testing_RT_incorrect_mean,testing_RT_correct_mean,testing_layer_1_rt,testing_layer_1_accuracy,testing_layer_3_rt,testing_layer_3_accuracy,testing_longest_response_strike
A17K1CHOI773VZ,1.3138,1.0,0.6666666666666666,3.1899166666666665,1.8348478592697182,2.3763,3.596725,1.3402,1.0,0.7333333333333333,5.368781666666666,2.045803200325798,7.7456875,4.504452272727272,4.50648,0.8333333333333334,6.231083333333333,0.6333333333333333,4.0
AMHUDJ44HF1ZH,0.73,1.0,0.5,2.7128333333333328,4.381780460041329,2.982133333333333,2.4435333333333333,0.69402,1.0,0.8166666666666667,2.4331750000000003,1.8067669411578842,2.6437818181818185,2.385895918367347,2.36023,0.7333333333333333,2.50612,0.9,4.0
AGOBQY50VQ7VX,1.1111,1.0,0.5,3.3414,0.5163977794943223,1.5986333333333331,5.084166666666667,1.0419,1.0,0.8166666666666667,2.2286516666666665,1.6760189581334093,2.623263636363636,2.140065306122449,2.0843233333333333,0.8333333333333334,2.37298,0.8,6.0
A23J0G72AUTS1I,1.329,1.0,0.3333333333333333,12.004649999999998,2.3380903889000244,16.544175,2.9256,1.05904,1.0,0.7833333333333333,2.8737516666666663,1.6194440002842017,2.3198307692307694,3.0269638297872343,2.1114733333333335,0.9,3.63603,0.6666666666666666,3.0
ATPW1MWLW7RBL,1.0961,1.0,1.0,2.207466666666667,1.4719601443879746,,2.2074666666666665,1.2021000000000002,1.0,0.8,1.8332316666666666,1.9044995783847778,1.9529166666666669,1.8033104166666665,1.7597999999999998,0.8333333333333334,1.9066633333333334,0.7666666666666667,9.0
A12B9W69X0BQBF,0.9074,1.0,0.8333333333333334,3.07825,1.2110601416389966,1.6713,3.35964,0.99408,0.8,0.5333333333333333,1.6275199999999999,1.18595833617427,1.5336750000000001,1.709634375,1.6573533333333332,0.5,1.5976866666666667,0.5666666666666667,3.0
A2RSBH1E3TEESG,1.1898,1.0,0.6666666666666666,6.812733333333334,1.8618986725025255,5.79005,7.324075000000001,1.7424499999999998,0.8,0.6166666666666667,2.7161766666666662,0.8899946041860176,3.2889173913043477,2.3601486486486487,2.2629,0.7333333333333333,3.1694533333333337,0.5,5.0
